name,accuracy,log_loss,brier,f1_macro,auc_ovr_macro
baseline_market_implied,0.5157894736842106,0.9970524404582166,0.5921429620134057,0.3845659539665849,0.6692004653105553
random_forest,0.5131578947368421,1.016561951772925,0.6057267606744384,0.4612198230619284,0.6462136851021393
logistic,0.5026315789473684,1.0260706383041722,0.6097978723869469,0.46553120850864566,0.6543904376888275
xgboost,0.5105263157894737,1.092260925558874,0.6395033597946167,0.43077965183228334,0.6279209907073416
baseline_class_prior,0.37894736842105264,1.099307142755513,0.6693515215998822,0.183206106870229,0.5
baseline_always_home,0.37894736842105264,22.38500578903065,1.2421052631578948,0.183206106870229,0.5
